"Plugin","Plugin Name","IP Address","NetBIOS Name","DNS Name"
"22024","Microsoft Internet Explorer Unsupported Version Detection","131.55.17.53","AREA52\XLWUL-340RQQ","xlwul-340rqq.area52.afnoapps.usaf.mil"
"22024","Microsoft Internet Explorer Unsupported Version Detection","131.55.20.12","","tynmdgsgsv00603.area52.afnoapps.usaf.mil"
"22024","Microsoft Internet Explorer Unsupported Version Detection","131.55.20.80","","tynmdgsgwk24803.area52.afnoapps.usaf.mil"
"22024","Microsoft Internet Explorer Unsupported Version Detection","131.55.25.96","AREA52\TYNMDGSGWK01103","tynmdgsgwk01103.area52.afnoapps.usaf.mil"
"22024","Microsoft Internet Explorer Unsupported Version Detection","131.55.26.81","AREA52\52XLWUW3-412GWG","52xlwuw3-412gwg.area52.afnoapps.usaf.mil"
"22024","Microsoft Internet Explorer Unsupported Version Detection","131.55.33.53","","xlwuw-fzw52.area52.afnoapps.usaf.mil"
"22024","Microsoft Internet Explorer Unsupported Version Detection","131.55.33.54","","tyn53wegwky7203.area52.afnoapps.usaf.mil"
"22024","Microsoft Internet Explorer Unsupported Version Detection","131.55.33.92","UNKNOWN\XLWUW-360X7X",""
"22024","Microsoft Internet Explorer Unsupported Version Detection","131.55.33.107","","xlwuw-4121k1.area52.afnoapps.usaf.mil"
"22024","Microsoft Internet Explorer Unsupported Version Detection","131.55.33.152","","xlwuw-grw52.area52.afnoapps.usaf.mil"
"22024","Microsoft Internet Explorer Unsupported Version Detection","131.55.33.178","","xlwuw-sgkw52.area52.afnoapps.usaf.mil"
"22024","Microsoft Internet Explorer Unsupported Version Detection","131.55.33.191","",""
"22024","Microsoft Internet Explorer Unsupported Version Detection","131.55.33.212","UNKNOWN\XLWUW-360X74","xlwuw-360x74.area52.afnoapps.usaf.mil"
"22024","Microsoft Internet Explorer Unsupported Version Detection","131.55.33.213","","xlwuw-14121p.area52.afnoapps.usaf.mil"
"22024","Microsoft Internet Explorer Unsupported Version Detection","131.55.33.246","","xlwuw-sdfw52.area52.afnoapps.usaf.mil"
"22024","Microsoft Internet Explorer Unsupported Version Detection","131.55.33.248","","xlwuw-270psv.area52.afnoapps.usaf.mil"
"22024","Microsoft Internet Explorer Unsupported Version Detection","131.55.33.249","","xlwuw-270ptt.area52.afnoapps.usaf.mil"
"22024","Microsoft Internet Explorer Unsupported Version Detection","131.55.33.252","","xlwuw-351dxc.area52.afnoapps.usaf.mil"
"22024","Microsoft Internet Explorer Unsupported Version Detection","131.55.34.43","","xlwuw-0209c6.area52.afnoapps.usaf.mil"
"22024","Microsoft Internet Explorer Unsupported Version Detection","131.55.34.124","","xlwuw-121x9c.area52.afnoapps.usaf.mil"
"22024","Microsoft Internet Explorer Unsupported Version Detection","131.55.34.182","","xlwuw-121x8v.area52.afnoapps.usaf.mil"
"22024","Microsoft Internet Explorer Unsupported Version Detection","131.55.34.185","","xlwuw-121x8h.area52.afnoapps.usaf.mil"
"22024","Microsoft Internet Explorer Unsupported Version Detection","131.55.34.187","","xlwul-a04155.area52.afnoapps.usaf.mil"
"22024","Microsoft Internet Explorer Unsupported Version Detection","131.55.34.211","","xlwuw-121n99.area52.afnoapps.usaf.mil"
"22024","Microsoft Internet Explorer Unsupported Version Detection","131.55.34.212","","xlwuw-121nd3.area52.afnoapps.usaf.mil"
"22024","Microsoft Internet Explorer Unsupported Version Detection","131.55.35.35","","xlwuw-5202r8.area52.afnoapps.usaf.mil"
"22024","Microsoft Internet Explorer Unsupported Version Detection","131.55.35.103","","xlwuw-121x8m.area52.afnoapps.usaf.mil"
"22024","Microsoft Internet Explorer Unsupported Version Detection","131.55.35.126","","xlwuw-450c99.area52.afnoapps.usaf.mil"
"22024","Microsoft Internet Explorer Unsupported Version Detection","131.55.35.169","","xlwuw-121ngf.area52.afnoapps.usaf.mil"
"22024","Microsoft Internet Explorer Unsupported Version Detection","131.55.35.181","","xlwul-a03996.area52.afnoapps.usaf.mil"
"22024","Microsoft Internet Explorer Unsupported Version Detection","131.55.35.211","","xlwuw-121x6g.area52.afnoapps.usaf.mil"
"22024","Microsoft Internet Explorer Unsupported Version Detection","131.55.35.212","","xlwuw-121x70.area52.afnoapps.usaf.mil"
"22024","Microsoft Internet Explorer Unsupported Version Detection","131.55.36.62","","tyn53wegwk20903.area52.afnoapps.usaf.mil"
"22024","Microsoft Internet Explorer Unsupported Version Detection","131.55.36.235","","xlwuw-1016kt.area52.afnoapps.usaf.mil"
"22024","Microsoft Internet Explorer Unsupported Version Detection","131.55.36.237","","xlwuw-1016m5.area52.afnoapps.usaf.mil"
"22024","Microsoft Internet Explorer Unsupported Version Detection","131.55.36.252","","xlwuw-101681.area52.afnoapps.usaf.mil"
"22024","Microsoft Internet Explorer Unsupported Version Detection","131.55.36.253","","xlwuw-1016qr.area52.afnoapps.usaf.mil"
"22024","Microsoft Internet Explorer Unsupported Version Detection","131.55.36.254","","xlwuw-121n7n.area52.afnoapps.usaf.mil"
"22024","Microsoft Internet Explorer Unsupported Version Detection","131.55.38.45","","xlwuw-1016cd.area52.afnoapps.usaf.mil"
"22024","Microsoft Internet Explorer Unsupported Version Detection","131.55.38.46","","xlwuw-1016bx.area52.afnoapps.usaf.mil"
"22024","Microsoft Internet Explorer Unsupported Version Detection","131.55.38.47","","xlwuw-152ckm.area52.afnoapps.usaf.mil"
"22024","Microsoft Internet Explorer Unsupported Version Detection","131.55.39.33","","xlwuw-1016h8.area52.afnoapps.usaf.mil"
"22024","Microsoft Internet Explorer Unsupported Version Detection","131.55.39.52","","xlwuw-01090k.area52.afnoapps.usaf.mil"
"22024","Microsoft Internet Explorer Unsupported Version Detection","131.55.39.73","","xlwuw-39135f.area52.afnoapps.usaf.mil"
"22024","Microsoft Internet Explorer Unsupported Version Detection","131.55.39.82","","xlwul-392hr0.area52.afnoapps.usaf.mil"
"22024","Microsoft Internet Explorer Unsupported Version Detection","131.55.39.120","","xlwuw-1016f3.area52.afnoapps.usaf.mil"
"22024","Microsoft Internet Explorer Unsupported Version Detection","131.55.39.133","AREA52\XLWUL-392HQPA","xlwul-392hqpa.area52.afnoapps.usaf.mil"
"22024","Microsoft Internet Explorer Unsupported Version Detection","131.55.39.136","",""
"22024","Microsoft Internet Explorer Unsupported Version Detection","131.55.39.165","","xlwuw-1016g0.area52.afnoapps.usaf.mil"
"22024","Microsoft Internet Explorer Unsupported Version Detection","131.55.42.9","",""
"22024","Microsoft Internet Explorer Unsupported Version Detection","131.55.48.47","AREA52\52XLWU-DB-001P","52xlwu-db-001p.area52.afnoapps.usaf.mil"
"22024","Microsoft Internet Explorer Unsupported Version Detection","131.55.48.103","","tyncesawk07303.area52.afnoapps.usaf.mil"
"22024","Microsoft Internet Explorer Unsupported Version Detection","131.55.49.177","AREA52\XLWUL-410JDJ","xlwul-520syl.area52.afnoapps.usaf.mil"
"22024","Microsoft Internet Explorer Unsupported Version Detection","131.55.55.76","AREA52\XLWUL-410JDN","xlwul-410jdn.area52.afnoapps.usaf.mil"
"22024","Microsoft Internet Explorer Unsupported Version Detection","131.55.55.159","AREA52\XLWUL-410JD8","xlwul-410jd8.area52.afnoapps.usaf.mil"
"22024","Microsoft Internet Explorer Unsupported Version Detection","131.55.55.166","AREA52\XLWUL-410JL3","xlwul-410jl3.area52.afnoapps.usaf.mil"
"22024","Microsoft Internet Explorer Unsupported Version Detection","131.55.60.5","AREA52\TYNAFRLAP60502","tynafrlap60502.area52.afnoapps.usaf.mil"
"22024","Microsoft Internet Explorer Unsupported Version Detection","131.55.64.34","","xlwuw-1016q7.area52.afnoapps.usaf.mil"
"22024","Microsoft Internet Explorer Unsupported Version Detection","131.55.64.35","","xlwuw-1016lk.area52.afnoapps.usaf.mil"
"22024","Microsoft Internet Explorer Unsupported Version Detection","131.55.64.37","","xlwuw-1016m9.area52.afnoapps.usaf.mil"
"22024","Microsoft Internet Explorer Unsupported Version Detection","131.55.64.49","","xlwuw-121x7b.area52.afnoapps.usaf.mil"
"22024","Microsoft Internet Explorer Unsupported Version Detection","131.55.64.50","","xlwuw-121x6k.area52.afnoapps.usaf.mil"
"22024","Microsoft Internet Explorer Unsupported Version Detection","131.55.64.58","","xlwuw-1016nq.area52.afnoapps.usaf.mil"
"22024","Microsoft Internet Explorer Unsupported Version Detection","131.55.64.100","","xlwuw-1016ly.area52.afnoapps.usaf.mil"
"22024","Microsoft Internet Explorer Unsupported Version Detection","131.55.64.147","","xlwuw-1016f9.area52.afnoapps.usaf.mil"
"22024","Microsoft Internet Explorer Unsupported Version Detection","131.55.64.184","","tynmxgwk307s603.area52.afnoapps.usaf.mil"
"22024","Microsoft Internet Explorer Unsupported Version Detection","131.55.64.185","","xlwuw-121x7v.area52.afnoapps.usaf.mil"
"22024","Microsoft Internet Explorer Unsupported Version Detection","131.55.64.239","",""
"22024","Microsoft Internet Explorer Unsupported Version Detection","131.55.64.240","","xlwuw-1016f2.area52.afnoapps.usaf.mil"
"22024","Microsoft Internet Explorer Unsupported Version Detection","131.55.65.32","","xlwuw-43205b.area52.afnoapps.usaf.mil"
"22024","Microsoft Internet Explorer Unsupported Version Detection","131.55.65.57","","xlwuw-121n9v.area52.afnoapps.usaf.mil"
"22024","Microsoft Internet Explorer Unsupported Version Detection","131.55.65.58","","xlwuw-101699.area52.afnoapps.usaf.mil"
"22024","Microsoft Internet Explorer Unsupported Version Detection","131.55.65.59","","xlwuw-121ndc.area52.afnoapps.usaf.mil"
"22024","Microsoft Internet Explorer Unsupported Version Detection","131.55.65.65","","xlwuw-121nc3.area52.afnoapps.usaf.mil"
"22024","Microsoft Internet Explorer Unsupported Version Detection","131.55.65.80","","xlwuw-1016fc.area52.afnoapps.usaf.mil"
"22024","Microsoft Internet Explorer Unsupported Version Detection","131.55.65.164","","xlwuw-1016fp.area52.afnoapps.usaf.mil"
"22024","Microsoft Internet Explorer Unsupported Version Detection","131.55.65.190","","xlwuw-1016hq.area52.afnoapps.usaf.mil"
"22024","Microsoft Internet Explorer Unsupported Version Detection","131.55.65.191","","xlwuw-10167r.area52.afnoapps.usaf.mil"
"22024","Microsoft Internet Explorer Unsupported Version Detection","131.55.65.197","","xlwuw-10169p.area52.afnoapps.usaf.mil"
"22024","Microsoft Internet Explorer Unsupported Version Detection","131.55.65.198","","xlwuw-1016jh.area52.afnoapps.usaf.mil"
"22024","Microsoft Internet Explorer Unsupported Version Detection","131.55.65.199","","xlwuw-101x95.area52.afnoapps.usaf.mil"
"22024","Microsoft Internet Explorer Unsupported Version Detection","131.55.65.222","","xlwuw-1016lq.area52.afnoapps.usaf.mil"
"22024","Microsoft Internet Explorer Unsupported Version Detection","131.55.65.223","","xlwuw-1016rn.area52.afnoapps.usaf.mil"
"22024","Microsoft Internet Explorer Unsupported Version Detection","131.55.65.224","","xlwuw-1016mn.area52.afnoapps.usaf.mil"
"22024","Microsoft Internet Explorer Unsupported Version Detection","131.55.65.227","","xlwuw-1016lr.area52.afnoapps.usaf.mil"
"22024","Microsoft Internet Explorer Unsupported Version Detection","131.55.66.124","","xlwuw-121ng3.area52.afnoapps.usaf.mil"
"22024","Microsoft Internet Explorer Unsupported Version Detection","131.55.66.125","","xlwuw-121ncl.area52.afnoapps.usaf.mil"
"22024","Microsoft Internet Explorer Unsupported Version Detection","131.55.66.135","","xlwul-121x6n.area52.afnoapps.usaf.mil"
"22024","Microsoft Internet Explorer Unsupported Version Detection","131.55.66.166","AREA52\52XLWUW3-350R2Z","52xlwuw3-350r2z.area52.afnoapps.usaf.mil"
"22024","Microsoft Internet Explorer Unsupported Version Detection","131.55.68.34","","xlwuw-1016bz.area52.afnoapps.usaf.mil"
"22024","Microsoft Internet Explorer Unsupported Version Detection","131.55.68.50","","xlwuw-121x8n.area52.afnoapps.usaf.mil"
"22024","Microsoft Internet Explorer Unsupported Version Detection","131.55.68.58","","xlwuw-1016fr.area52.afnoapps.usaf.mil"
"22024","Microsoft Internet Explorer Unsupported Version Detection","131.55.68.59","AREA52\XLWUW-1016PD","xlwuw-1016pd.area52.afnoapps.usaf.mil"
"22024","Microsoft Internet Explorer Unsupported Version Detection","131.55.68.63","AREA52\XLWUW-121X96","xlwuw-121x96.area52.afnoapps.usaf.mil"
"22024","Microsoft Internet Explorer Unsupported Version Detection","131.55.68.72","","xlwuw-1016cx.area52.afnoapps.usaf.mil"
"22024","Microsoft Internet Explorer Unsupported Version Detection","131.55.68.74","AREA52\XLWUW-1016FV","xlwuw-1016fv.area52.afnoapps.usaf.mil"
"22024","Microsoft Internet Explorer Unsupported Version Detection","131.55.68.84","AREA52\XLWUW-1016Q3","xlwuw-1016q3.area52.afnoapps.usaf.mil"
"22024","Microsoft Internet Explorer Unsupported Version Detection","131.55.68.105","","xlwuw-1016l2.area52.afnoapps.usaf.mil"
"22024","Microsoft Internet Explorer Unsupported Version Detection","131.55.68.106","AREA52\XLWUW-1016MG",""
"22024","Microsoft Internet Explorer Unsupported Version Detection","131.55.68.108","AREA52\XLWUW-121X7Z","xlwuw-121x7z.area52.afnoapps.usaf.mil"
"22024","Microsoft Internet Explorer Unsupported Version Detection","131.55.68.110","AREA52\XLWUW-121X6C","xlwuw-121x6c.area52.afnoapps.usaf.mil"
"22024","Microsoft Internet Explorer Unsupported Version Detection","131.55.68.111","AREA52\XLWUW-1016B6","xlwuw-1016b6.area52.afnoapps.usaf.mil"
"22024","Microsoft Internet Explorer Unsupported Version Detection","131.55.68.115","","xlwuw-1016nl.area52.afnoapps.usaf.mil"
"22024","Microsoft Internet Explorer Unsupported Version Detection","131.55.68.116","","xlwuw-1016rp.area52.afnoapps.usaf.mil"
"22024","Microsoft Internet Explorer Unsupported Version Detection","131.55.68.117","AREA52\XLWUW-1016M6","xlwuw-1016m6.area52.afnoapps.usaf.mil"
"22024","Microsoft Internet Explorer Unsupported Version Detection","131.55.68.118","AREA52\XLWUW-1016H7","xlwuw-1016h7.area52.afnoapps.usaf.mil"
"22024","Microsoft Internet Explorer Unsupported Version Detection","131.55.97.52","","xlwuw-121n84.area52.afnoapps.usaf.mil"
"22024","Microsoft Internet Explorer Unsupported Version Detection","131.55.97.70","","xlwuw-201kh9.area52.afnoapps.usaf.mil"
"22024","Microsoft Internet Explorer Unsupported Version Detection","131.55.97.72","","xlwuw-431yxr.area52.afnoapps.usaf.mil"
"22024","Microsoft Internet Explorer Unsupported Version Detection","131.55.98.32","","xlwuw-10168x.area52.afnoapps.usaf.mil"
"22024","Microsoft Internet Explorer Unsupported Version Detection","131.55.98.56","","xlwuw-121n96.area52.afnoapps.usaf.mil"
"22024","Microsoft Internet Explorer Unsupported Version Detection","131.55.98.65","","xlwuw-121x83.area52.afnoapps.usaf.mil"
"22024","Microsoft Internet Explorer Unsupported Version Detection","131.55.98.80","","xlwuw-1016px.area52.afnoapps.usaf.mil"
"22024","Microsoft Internet Explorer Unsupported Version Detection","131.55.98.91","","xlwuw-1016p2.area52.afnoapps.usaf.mil"
"22024","Microsoft Internet Explorer Unsupported Version Detection","131.55.98.95","","xlwuw-1016jl.area52.afnoapps.usaf.mil"
"22024","Microsoft Internet Explorer Unsupported Version Detection","131.55.98.126","","xlwuw-1016pl.area52.afnoapps.usaf.mil"
"22024","Microsoft Internet Explorer Unsupported Version Detection","131.55.98.134","","xlwuw-121ngl.area52.afnoapps.usaf.mil"
"22024","Microsoft Internet Explorer Unsupported Version Detection","131.55.98.154","","xlwuw-1016pg.area52.afnoapps.usaf.mil"
"22024","Microsoft Internet Explorer Unsupported Version Detection","131.55.98.155","","xlwuw-121x5y.area52.afnoapps.usaf.mil"
"22024","Microsoft Internet Explorer Unsupported Version Detection","131.55.98.157","","xlwuw-121n83.area52.afnoapps.usaf.mil"
"22024","Microsoft Internet Explorer Unsupported Version Detection","131.55.98.158","","xlwuw-121x92.area52.afnoapps.usaf.mil"
"22024","Microsoft Internet Explorer Unsupported Version Detection","131.55.98.163","AREA52\XLWUL-A04139","xlwul-a04139.area52.afnoapps.usaf.mil"
"22024","Microsoft Internet Explorer Unsupported Version Detection","131.55.99.39","","xlwuw-121ngx.area52.afnoapps.usaf.mil"
"22024","Microsoft Internet Explorer Unsupported Version Detection","131.55.99.82","","52xlwuw3-ogr001.area52.afnoapps.usaf.mil"
"22024","Microsoft Internet Explorer Unsupported Version Detection","131.55.99.87","","xlwuw-121x7d.area52.afnoapps.usaf.mil"
"22024","Microsoft Internet Explorer Unsupported Version Detection","131.55.99.154","","xlwuw-ososk5.area52.afnoapps.usaf.mil"
"22024","Microsoft Internet Explorer Unsupported Version Detection","131.55.99.156","","xlwuw-121x7m.area52.afnoapps.usaf.mil"
"22024","Microsoft Internet Explorer Unsupported Version Detection","131.55.100.38","AREA52\52XLWUW3-AFAS19","52xlwuw3-afas19.area52.afnoapps.usaf.mil"
"22024","Microsoft Internet Explorer Unsupported Version Detection","131.55.100.49","","xlwuw-os1tr1.area52.afnoapps.usaf.mil"
"22024","Microsoft Internet Explorer Unsupported Version Detection","131.55.100.80","AREA52\52XLWUW3-AFAS16","52xlwuw3-afas16.area52.afnoapps.usaf.mil"
"22024","Microsoft Internet Explorer Unsupported Version Detection","131.55.100.94","AREA52\52XLWUW3-AFAS18","52xlwuw3-afas18.area52.afnoapps.usaf.mil"
"22024","Microsoft Internet Explorer Unsupported Version Detection","131.55.100.95","AREA52\52XLWUW3-AFAS17","52xlwuw3-afas17.area52.afnoapps.usaf.mil"
"22024","Microsoft Internet Explorer Unsupported Version Detection","131.55.100.131","AREA52\52XLWUW3-AFAS01","52xlwuw3-afas01.area52.afnoapps.usaf.mil"
"22024","Microsoft Internet Explorer Unsupported Version Detection","131.55.100.133","AREA52\52XLWUW3-AFAS03","52xlwuw3-afas03.area52.afnoapps.usaf.mil"
"22024","Microsoft Internet Explorer Unsupported Version Detection","131.55.100.134","AREA52\52XLWUW3-AFAS04","52xlwuw3-afas04.area52.afnoapps.usaf.mil"
"22024","Microsoft Internet Explorer Unsupported Version Detection","131.55.100.135","AREA52\52XLWUW3-AFAS05","52xlwuw3-afas05.area52.afnoapps.usaf.mil"
"22024","Microsoft Internet Explorer Unsupported Version Detection","131.55.100.136","AREA52\52XLWUW3-AFAS06","52xlwuw3-afas06.area52.afnoapps.usaf.mil"
"22024","Microsoft Internet Explorer Unsupported Version Detection","131.55.100.137","AREA52\52XLWUW3-AFAS07","52xlwuw3-afas07.area52.afnoapps.usaf.mil"
"22024","Microsoft Internet Explorer Unsupported Version Detection","131.55.100.138","AREA52\52XLWUW3-AFAS08","52xlwuw3-afas08.area52.afnoapps.usaf.mil"
"22024","Microsoft Internet Explorer Unsupported Version Detection","131.55.100.139","AREA52\52XLWUW3-AFAS09","52xlwuw3-afas09.area52.afnoapps.usaf.mil"
"22024","Microsoft Internet Explorer Unsupported Version Detection","131.55.100.140","AREA52\52XLWUW3-AFAS10","52xlwuw3-afas10.area52.afnoapps.usaf.mil"
"22024","Microsoft Internet Explorer Unsupported Version Detection","131.55.100.141","AREA52\52XLWUW3-AFAS11","52xlwuw3-afas11.area52.afnoapps.usaf.mil"
"22024","Microsoft Internet Explorer Unsupported Version Detection","131.55.100.142","AREA52\52XLWUW3-AFAS12","52xlwuw3-afas12.area52.afnoapps.usaf.mil"
"22024","Microsoft Internet Explorer Unsupported Version Detection","131.55.100.143","AREA52\52XLWUW3-AFAS13","52xlwuw3-afas13.area52.afnoapps.usaf.mil"
"22024","Microsoft Internet Explorer Unsupported Version Detection","131.55.100.144","AREA52\52XLWUW3-AFAS14","52xlwuw3-afas14.area52.afnoapps.usaf.mil"
"22024","Microsoft Internet Explorer Unsupported Version Detection","131.55.100.145","AREA52\52XLWUW3-AFAS15","52xlwuw3-afas15.area52.afnoapps.usaf.mil"
"22024","Microsoft Internet Explorer Unsupported Version Detection","131.55.129.41","AREA52\TYNMDGSGWK07703","tynmdgsgwk07703.area52.afnoapps.usaf.mil"
"22024","Microsoft Internet Explorer Unsupported Version Detection","131.55.130.65","","xlwuw-121n7y.area52.afnoapps.usaf.mil"
"22024","Microsoft Internet Explorer Unsupported Version Detection","131.55.130.72","","xlwuw-101687.area52.afnoapps.usaf.mil"
"22024","Microsoft Internet Explorer Unsupported Version Detection","131.55.130.77","","xlwuw-1016k6.area52.afnoapps.usaf.mil"
"22024","Microsoft Internet Explorer Unsupported Version Detection","131.55.130.90","","xlwuw-121x7y.area52.afnoapps.usaf.mil"
"22024","Microsoft Internet Explorer Unsupported Version Detection","131.55.130.125","AREA52\XLWUW-121X67","xlwuw-121x67.area52.afnoapps.usaf.mil"
"22024","Microsoft Internet Explorer Unsupported Version Detection","131.55.130.233","","xlwuw-121nd9.area52.afnoapps.usaf.mil"
"22024","Microsoft Internet Explorer Unsupported Version Detection","131.55.134.16","AREA52\TYNDALLNP-APP","tyndallnp-app.area52.afnoapps.usaf.mil"
"22024","Microsoft Internet Explorer Unsupported Version Detection","131.55.134.18","AREA52\TYNDALLNP_DB","tyndallnp_db.area52.afnoapps.usaf.mil"
"22024","Microsoft Internet Explorer Unsupported Version Detection","131.55.134.110","AREA52\TYNDALLPRIMARY","tyndallprimary.area52.afnoapps.usaf.mil"
"22024","Microsoft Internet Explorer Unsupported Version Detection","131.55.134.112","AREA52\TYNDALLDIGI1","tyndalldigi1.area52.afnoapps.usaf.mil"
"22024","Microsoft Internet Explorer Unsupported Version Detection","131.55.134.114","AREA52\TYNDALLDIGI2","tyndalldigi2.area52.afnoapps.usaf.mil"
"22024","Microsoft Internet Explorer Unsupported Version Detection","131.55.134.116","AREA52\TYNDALLDIGI3","tyndalldigi3.area52.afnoapps.usaf.mil"
"22024","Microsoft Internet Explorer Unsupported Version Detection","131.55.137.43","","xlwuw-121nfy.area52.afnoapps.usaf.mil"
"22024","Microsoft Internet Explorer Unsupported Version Detection","131.55.137.99","","52xlwul3-461r25.area52.afnoapps.usaf.mil"
"22024","Microsoft Internet Explorer Unsupported Version Detection","131.55.146.60","","xlwuw-121ngc.area52.afnoapps.usaf.mil"
"22024","Microsoft Internet Explorer Unsupported Version Detection","131.55.146.63","","xlwuw-121nc9.area52.afnoapps.usaf.mil"
"22024","Microsoft Internet Explorer Unsupported Version Detection","131.55.146.101","","xlwuw-121x52.area52.afnoapps.usaf.mil"
"22024","Microsoft Internet Explorer Unsupported Version Detection","131.55.146.103","","xlwuw-121x63.area52.afnoapps.usaf.mil"
"22024","Microsoft Internet Explorer Unsupported Version Detection","131.55.147.54","","xlwuw-370bft.area52.afnoapps.usaf.mil"
"22024","Microsoft Internet Explorer Unsupported Version Detection","131.55.148.18","","xlwuw-1016fk.area52.afnoapps.usaf.mil"
"22024","Microsoft Internet Explorer Unsupported Version Detection","131.55.148.19","","xlwuw-1016qt.area52.afnoapps.usaf.mil"
"22024","Microsoft Internet Explorer Unsupported Version Detection","131.55.148.25","","xlwuw-1016p9.area52.afnoapps.usaf.mil"
"22024","Microsoft Internet Explorer Unsupported Version Detection","131.55.148.29","","xlwuw-121ngw.area52.afnoapps.usaf.mil"
"22024","Microsoft Internet Explorer Unsupported Version Detection","131.55.148.32","","xlwuw-1016n5.area52.afnoapps.usaf.mil"
"22024","Microsoft Internet Explorer Unsupported Version Detection","131.55.148.34","","xlwuw-1016gf.area52.afnoapps.usaf.mil"
"22024","Microsoft Internet Explorer Unsupported Version Detection","131.55.148.35","","xlwuw-1016lm.area52.afnoapps.usaf.mil"
"22024","Microsoft Internet Explorer Unsupported Version Detection","131.55.148.36","","xlwuw-101695.area52.afnoapps.usaf.mil"
"22024","Microsoft Internet Explorer Unsupported Version Detection","131.55.148.38","","xlwuw-1016qm.area52.afnoapps.usaf.mil"
"22024","Microsoft Internet Explorer Unsupported Version Detection","131.55.148.39","","xlwuw-1016fw.area52.afnoapps.usaf.mil"
"22024","Microsoft Internet Explorer Unsupported Version Detection","131.55.148.40","","xlwuw-1016j7.area52.afnoapps.usaf.mil"
"22024","Microsoft Internet Explorer Unsupported Version Detection","131.55.148.41","","xlwuw-1016j9.area52.afnoapps.usaf.mil"
"22024","Microsoft Internet Explorer Unsupported Version Detection","131.55.148.42","","xlwuw-1016gx.area52.afnoapps.usaf.mil"
"22024","Microsoft Internet Explorer Unsupported Version Detection","131.55.148.45","","xlwuw-1016r5.area52.afnoapps.usaf.mil"
"22024","Microsoft Internet Explorer Unsupported Version Detection","131.55.148.49","","xlwuw-101688.area52.afnoapps.usaf.mil"
"22024","Microsoft Internet Explorer Unsupported Version Detection","131.55.148.51","","xlwuw-1016nk.area52.afnoapps.usaf.mil"
"22024","Microsoft Internet Explorer Unsupported Version Detection","131.55.148.52","","xlwuw-1016h2.area52.afnoapps.usaf.mil"
"22024","Microsoft Internet Explorer Unsupported Version Detection","131.55.148.53","","xlwuw-101690.area52.afnoapps.usaf.mil"
"22024","Microsoft Internet Explorer Unsupported Version Detection","131.55.148.65","","xlwuw-1016mw.area52.afnoapps.usaf.mil"
"22024","Microsoft Internet Explorer Unsupported Version Detection","131.55.148.68","","xlwuw-1016qz.area52.afnoapps.usaf.mil"
"22024","Microsoft Internet Explorer Unsupported Version Detection","131.55.148.69","","xlwuw-1016j0.area52.afnoapps.usaf.mil"
"22024","Microsoft Internet Explorer Unsupported Version Detection","131.55.148.70","","xlwuw-1016q8.area52.afnoapps.usaf.mil"
"22024","Microsoft Internet Explorer Unsupported Version Detection","131.55.148.71","","xlwuw-1016lc.area52.afnoapps.usaf.mil"
"22024","Microsoft Internet Explorer Unsupported Version Detection","131.55.148.72","","xlwuw-121x7c.area52.afnoapps.usaf.mil"
"22024","Microsoft Internet Explorer Unsupported Version Detection","131.55.148.73","","xlwuw-121x6b.area52.afnoapps.usaf.mil"
"22024","Microsoft Internet Explorer Unsupported Version Detection","131.55.148.78","AREA52\XLWUW-1016K5","xlwuw-1016k5.area52.afnoapps.usaf.mil"
"22024","Microsoft Internet Explorer Unsupported Version Detection","131.55.148.79","","xlwuw-121nf8.area52.afnoapps.usaf.mil"
"22024","Microsoft Internet Explorer Unsupported Version Detection","131.55.148.80","","xlwuw-1016ph.area52.afnoapps.usaf.mil"
"22024","Microsoft Internet Explorer Unsupported Version Detection","131.55.148.81","","xlwuw-10168n.area52.afnoapps.usaf.mil"
"22024","Microsoft Internet Explorer Unsupported Version Detection","131.55.148.82","","xlwuw-1016l1.area52.afnoapps.usaf.mil"
"22024","Microsoft Internet Explorer Unsupported Version Detection","131.55.148.85","","xlwuw-101682.area52.afnoapps.usaf.mil"
"22024","Microsoft Internet Explorer Unsupported Version Detection","131.55.148.89","","xlwuw-1016lx.area52.afnoapps.usaf.mil"
"22024","Microsoft Internet Explorer Unsupported Version Detection","131.55.148.90","","xlwuw-121ngg.area52.afnoapps.usaf.mil"
"22024","Microsoft Internet Explorer Unsupported Version Detection","131.55.148.101","","xlwuw-1016p7.area52.afnoapps.usaf.mil"
"22024","Microsoft Internet Explorer Unsupported Version Detection","131.55.148.106","","xlwuw-1016pf.area52.afnoapps.usaf.mil"
"22024","Microsoft Internet Explorer Unsupported Version Detection","131.55.149.18","","xlwuw-0406z9.area52.afnoapps.usaf.mil"
"22024","Microsoft Internet Explorer Unsupported Version Detection","131.55.149.58","","xlwuw-121nbv.area52.afnoapps.usaf.mil"
"22024","Microsoft Internet Explorer Unsupported Version Detection","131.55.149.99","","xlwuw-121nb7.area52.afnoapps.usaf.mil"
"22024","Microsoft Internet Explorer Unsupported Version Detection","131.55.149.102","","tynlrdlgwks1503.area52.afnoapps.usaf.mil"
"22024","Microsoft Internet Explorer Unsupported Version Detection","131.55.149.110","","xlwuw-1016nj.area52.afnoapps.usaf.mil"
"22024","Microsoft Internet Explorer Unsupported Version Detection","131.55.157.44","","xlwuw-431y54.area52.afnoapps.usaf.mil"
"22024","Microsoft Internet Explorer Unsupported Version Detection","131.55.157.56","","xlwuw-431yts.area52.afnoapps.usaf.mil"
"22024","Microsoft Internet Explorer Unsupported Version Detection","131.55.161.51","","xlwuw-121n7f.area52.afnoapps.usaf.mil"
"22024","Microsoft Internet Explorer Unsupported Version Detection","131.55.167.37","","xlwuw-121nbp.area52.afnoapps.usaf.mil"
"22024","Microsoft Internet Explorer Unsupported Version Detection","131.55.167.45","","xlwuw-1016jb.area52.afnoapps.usaf.mil"
"22024","Microsoft Internet Explorer Unsupported Version Detection","131.55.167.48","","xlwuw-1016pz.area52.afnoapps.usaf.mil"
"22024","Microsoft Internet Explorer Unsupported Version Detection","131.55.170.25","","52xlwuw3-350r5z.area52.afnoapps.usaf.mil"
"22024","Microsoft Internet Explorer Unsupported Version Detection","131.55.170.94","","xlwuw-321vdh.area52.afnoapps.usaf.mil"
"22024","Microsoft Internet Explorer Unsupported Version Detection","131.55.170.95","AREA52\XLWUW-321VDT","xlwuw-321vdt.area52.afnoapps.usaf.mil"
"22024","Microsoft Internet Explorer Unsupported Version Detection","131.55.170.107","AREA52\TYN53WEGWKY3303","tyn53wegwky3303.area52.afnoapps.usaf.mil"
"22024","Microsoft Internet Explorer Unsupported Version Detection","131.55.170.113","","xlwuw-430527.area52.afnoapps.usaf.mil"
"22024","Microsoft Internet Explorer Unsupported Version Detection","131.55.185.36","","xlwul-511knx.area52.afnoapps.usaf.mil"
"22024","Microsoft Internet Explorer Unsupported Version Detection","131.55.185.41","","xlwul-461pvz.area52.afnoapps.usaf.mil"
"22024","Microsoft Internet Explorer Unsupported Version Detection","131.55.190.123","AREA52\52XLWUW3-190XWL","52xlwuw3-190xwl.area52.afnoapps.usaf.mil"
"22024","Microsoft Internet Explorer Unsupported Version Detection","131.55.190.129","","xlwuw-432lbs.area52.afnoapps.usaf.mil"
"22024","Microsoft Internet Explorer Unsupported Version Detection","131.55.190.160","","xlwuw-432lbn.area52.afnoapps.usaf.mil"
"22024","Microsoft Internet Explorer Unsupported Version Detection","131.55.191.117","AREA52\XLWUW-460N25","xlwuw-460n25.area52.afnoapps.usaf.mil"
"22024","Microsoft Internet Explorer Unsupported Version Detection","131.55.191.119","","xlwuw-460n4p.area52.afnoapps.usaf.mil"
"22024","Microsoft Internet Explorer Unsupported Version Detection","131.55.192.58","AREA52\XLWUW-460N6P","xlwuw-460n6p.area52.afnoapps.usaf.mil"
"22024","Microsoft Internet Explorer Unsupported Version Detection","131.55.192.106","AREA52\XLWUW-MQ03","xlwuw-mq03.area52.afnoapps.usaf.mil"
"22024","Microsoft Internet Explorer Unsupported Version Detection","131.55.192.117","","xlwuw-460n2w.area52.afnoapps.usaf.mil"
"22024","Microsoft Internet Explorer Unsupported Version Detection","131.55.192.174","","xlwuw-460n6f.area52.afnoapps.usaf.mil"
"22024","Microsoft Internet Explorer Unsupported Version Detection","131.55.192.190","","xlwuw-460n4b.area52.afnoapps.usaf.mil"
"22024","Microsoft Internet Explorer Unsupported Version Detection","131.55.192.191","","xlwuw-460n4l.area52.afnoapps.usaf.mil"
"22024","Microsoft Internet Explorer Unsupported Version Detection","131.55.192.210","","xlwuw-460n6m.area52.afnoapps.usaf.mil"
"22024","Microsoft Internet Explorer Unsupported Version Detection","131.55.192.218","","xlwuw-460n19.area52.afnoapps.usaf.mil"
"22024","Microsoft Internet Explorer Unsupported Version Detection","131.55.192.219","","xlwuw-290t4y.area52.afnoapps.usaf.mil"
"22024","Microsoft Internet Explorer Unsupported Version Detection","131.55.193.62","","xlwul-47043d.area52.afnoapps.usaf.mil"
"22024","Microsoft Internet Explorer Unsupported Version Detection","131.55.193.65","","xlwul-015ukp.area52.afnoapps.usaf.mil"
"22024","Microsoft Internet Explorer Unsupported Version Detection","131.55.193.68","","xlwul-461pw4.area52.afnoapps.usaf.mil"
"22024","Microsoft Internet Explorer Unsupported Version Detection","131.55.193.82","","xlwul-015ukw.area52.afnoapps.usaf.mil"
"22024","Microsoft Internet Explorer Unsupported Version Detection","131.55.194.17","","xlwul-461pw8.area52.afnoapps.usaf.mil"
"22024","Microsoft Internet Explorer Unsupported Version Detection","131.55.194.25","","xlwul-47112b.area52.afnoapps.usaf.mil"
"22024","Microsoft Internet Explorer Unsupported Version Detection","131.55.194.49","","xlwuw-472pyr.area52.afnoapps.usaf.mil"
"22024","Microsoft Internet Explorer Unsupported Version Detection","131.55.194.93","","xlwul-471129.area52.afnoapps.usaf.mil"
"22024","Microsoft Internet Explorer Unsupported Version Detection","131.55.195.51","","xlwuw-290t1j.area52.afnoapps.usaf.mil"
"22024","Microsoft Internet Explorer Unsupported Version Detection","131.55.195.97","","xlwuw-472pyw.area52.afnoapps.usaf.mil"
"22024","Microsoft Internet Explorer Unsupported Version Detection","131.55.195.135","","xlwuw-472pxt.area52.afnoapps.usaf.mil"
"22024","Microsoft Internet Explorer Unsupported Version Detection","131.55.195.169","","xlwuw-432lc1.area52.afnoapps.usaf.mil"
"22024","Microsoft Internet Explorer Unsupported Version Detection","131.55.195.173","AREA52\XLWUW-911MD03","xlwuw-911md03.area52.afnoapps.usaf.mil"
"22024","Microsoft Internet Explorer Unsupported Version Detection","131.55.196.53","AREA52\XLWUW-432L8F","xlwuw-432l8f.area52.afnoapps.usaf.mil"
"22024","Microsoft Internet Explorer Unsupported Version Detection","131.55.196.59","","xlwuw-472py6.area52.afnoapps.usaf.mil"
"22024","Microsoft Internet Explorer Unsupported Version Detection","131.55.196.65","AREA52\XLWUW-290T5B","xlwuw-290t5b.area52.afnoapps.usaf.mil"
"22024","Microsoft Internet Explorer Unsupported Version Detection","131.55.196.94","","52xlwuw3-480h2b.area52.afnoapps.usaf.mil"
"22024","Microsoft Internet Explorer Unsupported Version Detection","131.55.196.97","","xlwuw-472pz4.area52.afnoapps.usaf.mil"
"22024","Microsoft Internet Explorer Unsupported Version Detection","131.55.196.104","","xlwuw-472pyp.area52.afnoapps.usaf.mil"
"22024","Microsoft Internet Explorer Unsupported Version Detection","131.55.196.146","AREA52\XLWUW-DCLW52","xlwuw-dclw52.area52.afnoapps.usaf.mil"
"22024","Microsoft Internet Explorer Unsupported Version Detection","131.55.197.59","","xlwul-461pxl.area52.afnoapps.usaf.mil"
"22024","Microsoft Internet Explorer Unsupported Version Detection","131.55.197.75","","xlwul-511kmx.area52.afnoapps.usaf.mil"
"22024","Microsoft Internet Explorer Unsupported Version Detection","131.55.197.79","","xlwuw-472pxm.area52.afnoapps.usaf.mil"
"22024","Microsoft Internet Explorer Unsupported Version Detection","131.55.197.83","","xlwuw-472pxh.area52.afnoapps.usaf.mil"
"22024","Microsoft Internet Explorer Unsupported Version Detection","131.55.197.152","","xlwul-461pxr.area52.afnoapps.usaf.mil"
"22024","Microsoft Internet Explorer Unsupported Version Detection","131.55.197.212","AREA52\XLWUL-470433","xlwul-470433.area52.afnoapps.usaf.mil"
"22024","Microsoft Internet Explorer Unsupported Version Detection","131.55.198.45","","xlwul-461pvv.area52.afnoapps.usaf.mil"
"22024","Microsoft Internet Explorer Unsupported Version Detection","131.55.198.46","","xlwub-m04936.area52.afnoapps.usaf.mil"
"22024","Microsoft Internet Explorer Unsupported Version Detection","131.55.198.91","","xlwul-511kqc.area52.afnoapps.usaf.mil"
"22024","Microsoft Internet Explorer Unsupported Version Detection","131.55.198.98","","xlwub-m02322.area52.afnoapps.usaf.mil"
"22024","Microsoft Internet Explorer Unsupported Version Detection","131.55.198.114","","xlwul-47047j.area52.afnoapps.usaf.mil"
"22024","Microsoft Internet Explorer Unsupported Version Detection","131.55.198.125","","xlwul-461pvd.area52.afnoapps.usaf.mil"
"22024","Microsoft Internet Explorer Unsupported Version Detection","131.55.198.134","","xlwuw-m02342.area52.afnoapps.usaf.mil"
"22024","Microsoft Internet Explorer Unsupported Version Detection","131.55.198.137","","xlwul-461pvj.area52.afnoapps.usaf.mil"
"22024","Microsoft Internet Explorer Unsupported Version Detection","131.55.202.53","","xlwul-015uk5.area52.afnoapps.usaf.mil"
"22024","Microsoft Internet Explorer Unsupported Version Detection","131.55.202.59","","xlwul-015uu2.area52.afnoapps.usaf.mil"
"22024","Microsoft Internet Explorer Unsupported Version Detection","131.55.220.44","","xlwuw-290t6b.area52.afnoapps.usaf.mil"
"22024","Microsoft Internet Explorer Unsupported Version Detection","131.55.220.55","","xlwuw-460n4q.area52.afnoapps.usaf.mil"
"22024","Microsoft Internet Explorer Unsupported Version Detection","131.55.220.56","","xlwuw-460n3p.area52.afnoapps.usaf.mil"
"22024","Microsoft Internet Explorer Unsupported Version Detection","131.55.232.23","","xlwuw-1016l8.area52.afnoapps.usaf.mil"
"22024","Microsoft Internet Explorer Unsupported Version Detection","131.55.232.31","","xlwuw-10169z.area52.afnoapps.usaf.mil"
"22024","Microsoft Internet Explorer Unsupported Version Detection","131.55.232.38","","xlwuw-121n7z.area52.afnoapps.usaf.mil"
"22024","Microsoft Internet Explorer Unsupported Version Detection","131.55.232.43","","xlwuw-1016pt.area52.afnoapps.usaf.mil"
"22024","Microsoft Internet Explorer Unsupported Version Detection","131.55.232.52","","xlwuw-1016k1.area52.afnoapps.usaf.mil"
"22024","Microsoft Internet Explorer Unsupported Version Detection","131.55.232.62","","xlwuw-101697.area52.afnoapps.usaf.mil"
"22024","Microsoft Internet Explorer Unsupported Version Detection","131.55.232.67","","xlwuw-1016qv.area52.afnoapps.usaf.mil"
"22024","Microsoft Internet Explorer Unsupported Version Detection","131.55.235.24","","xlwuw-081kv7.area52.afnoapps.usaf.mil"
"22024","Microsoft Internet Explorer Unsupported Version Detection","131.55.235.47","","xlwuw-121ndl.area52.afnoapps.usaf.mil"
"22024","Microsoft Internet Explorer Unsupported Version Detection","131.55.248.35","AREA52\52XLWU-BS-002V","52xlwu-bs-002v.area52.afnoapps.usaf.mil"
"22024","Microsoft Internet Explorer Unsupported Version Detection","131.55.248.39","AREA52\52XLWU-FS-012","52xlwu-fs-012.area52.afnoapps.usaf.mil"
"22024","Microsoft Internet Explorer Unsupported Version Detection","131.55.248.49","AREA52\TYNCESAAPSPD02","tyncesaapspd02.area52.afnoapps.usaf.mil"
"22024","Microsoft Internet Explorer Unsupported Version Detection","131.55.248.51","AREA52\52XLWU-VM-002P","52xlwu-vm-002p.area52.afnoapps.usaf.mil"
"22024","Microsoft Internet Explorer Unsupported Version Detection","131.55.248.52","AREA52\52XLWU-FS-001V","52xlwu-fs-001v.area52.afnoapps.usaf.mil"
"22024","Microsoft Internet Explorer Unsupported Version Detection","131.55.248.54","AREA52\52XLWU-VM-001P","52xlwu-vm-001p.area52.afnoapps.usaf.mil"
"22024","Microsoft Internet Explorer Unsupported Version Detection","131.55.248.68","AREA52\XLWU-SM-002","xlwu-sm-002.area52.afnoapps.usaf.mil"
"22024","Microsoft Internet Explorer Unsupported Version Detection","131.55.248.101","AREA52\52XLWU-DB-001V","52xlwu-db-001v.area52.afnoapps.usaf.mil"
"22024","Microsoft Internet Explorer Unsupported Version Detection","131.55.248.126","AREA52\52XLWU-BS-001V","52xlwu-bs-001v.area52.afnoapps.usaf.mil"
"22024","Microsoft Internet Explorer Unsupported Version Detection","131.55.249.6","AREA52\XLWU-FS-DFS1V","xlwu-fs-dfs1v.area52.afnoapps.usaf.mil"
"22024","Microsoft Internet Explorer Unsupported Version Detection","131.55.249.10","AREA52\XLWU-DB-001V",""
"22024","Microsoft Internet Explorer Unsupported Version Detection","131.55.249.12","AREA52\XLWU-DB-002V","xlwu-db-002v.area52.afnoapps.usaf.mil"
"22024","Microsoft Internet Explorer Unsupported Version Detection","131.55.249.75","UNKNOWN\52XLWU-WS-001","52xlwu-ws-001.area52.afnoapps.usaf.mil"
"22024","Microsoft Internet Explorer Unsupported Version Detection","131.55.249.76","UNKNOWN\52XLWU-ORA-001","52xlwu-ora-001.area52.afnoapps.usaf.mil"
"22024","Microsoft Internet Explorer Unsupported Version Detection","131.55.249.77","UNKNOWN\52XLWU-FS-001","52xlwu-fs-001.area52.afnoapps.usaf.mil"
"22024","Microsoft Internet Explorer Unsupported Version Detection","131.55.249.78","AREA52\52XLWU-CL01-01","52xlwu-cl01-01.area52.afnoapps.usaf.mil"
"22024","Microsoft Internet Explorer Unsupported Version Detection","131.55.249.79","AREA52\52XLWU-CL01-02","52xlwu-cl01-02.area52.afnoapps.usaf.mil"
"22024","Microsoft Internet Explorer Unsupported Version Detection","131.55.249.82","AREA52\52XLWU-AS-PX01P","52xlwu-as-px01p.area52.afnoapps.usaf.mil"
"22024","Microsoft Internet Explorer Unsupported Version Detection","131.55.249.83","AREA52\52XLWU-DB-PX02P","52xlwu-db-px02p.area52.afnoapps.usaf.mil"
"22024","Microsoft Internet Explorer Unsupported Version Detection","131.55.249.96","AREA52\52XLWU-PS-001P","52xlwu-ps-001p.area52.afnoapps.usaf.mil"
